credit_limit,gender,education,marital_status,age,timeliness_1,timeliness_2,timeliness_3,timeliness_4,timeliness_5,timeliness_6,balance_1,balance_2,balance_3,balance_4,balance_5,balance_6,payment_1,payment_2,payment_3,payment_4,payment_5,payment_6,avg_balance,avg_payment
120000,female,grad,single,26,m-2,m-2,m-1,m+0,m+0,m+0,10415,7172,110688,100552,89147,88388,5771,120055,5073,3508,3707,3016,67727,23521.6666666667
70000,male,uni,single,25,m+1,m+2,m+2,m+0,m+0,m+3,65802,67369,65701,66782,36137,36894,3200,0,3000,3000,1500,0,56447.5,1783.33333333333
130000,female,uni,married,51,m-1,m-1,m-2,m-2,m-1,m-1,99,0,0,0,2353,0,0,0,0,2353,0,0,408.666666666667,392.166666666667
140000,male,grad,married,34,m+0,m+0,m+0,m+0,m+0,m+0,23944,28049,32073,43129,47086,48699,5000,5000,11885,5000,3000,5504,37163.3333333333,5898.16666666667
200000,female,hs,married,49,m-1,m+2,m+2,m+2,m+0,m+0,52439,51040,56205,54723,58657,59983,0,6000,0,5000,2286,3000,55507.8333333333,2714.33333333333
